timestamp,UTC time, latitude, longitude, altitude, accuracy
1444676465729,2015-10-12T19:01:05.729,41.3149172,-72.959417,0.0,30.0
1444676466686,2015-10-12T19:01:06.686,41.31532174,-72.95960153,-131.0,23.0
1444676467732,2015-10-12T19:01:07.732,41.31535355,-72.9595807,-180.0,12.0
1444676468680,2015-10-12T19:01:08.680,41.31532391,-72.95960486,-164.0,12.0
1444676469657,2015-10-12T19:01:09.657,41.3153266,-72.95963532,-179.0,11.0
1444676470658,2015-10-12T19:01:10.658,41.31533972,-72.95960757,-191.0,11.0
1444676471642,2015-10-12T19:01:11.642,41.31534454,-72.95962189,-183.0,10.0
1444676472637,2015-10-12T19:01:12.637,41.31532393,-72.95959217,-179.0,7.0
1444676473639,2015-10-12T19:01:13.639,41.31529448,-72.95961665,-166.0,8.0
1444676474749,2015-10-12T19:01:14.749,41.31524342,-72.95963241,-130.0,9.0
1444676475639,2015-10-12T19:01:15.639,41.31521817,-72.95965121,-122.0,11.0
1444676476735,2015-10-12T19:01:16.735,41.31519767,-72.95963288,-113.0,11.0
1444676478640,2015-10-12T19:01:18.640,41.31518551,-72.95962335,-105.0,11.0
1444676478650,2015-10-12T19:01:18.650,41.31518576,-72.95959724,-106.0,11.0
1444676479740,2015-10-12T19:01:19.740,41.31513398,-72.9596183,-101.0,12.0
1444676480633,2015-10-12T19:01:20.633,41.3151111,-72.95966044,-95.0,10.0
1444676481635,2015-10-12T19:01:21.635,41.31509376,-72.95962696,-88.0,10.0
1444676482646,2015-10-12T19:01:22.646,41.31503313,-72.95958801,-86.0,10.0
1444676483635,2015-10-12T19:01:23.635,41.31501707,-72.95956626,-77.0,10.0
1444676484646,2015-10-12T19:01:24.646,41.31500438,-72.95954666,-75.0,10.0
1444676485789,2015-10-12T19:01:25.789,41.3149319,-72.9594214,0.0,30.0
1444676485793,2015-10-12T19:01:25.793,41.31497618,-72.95952166,-70.0,11.0
1444676486670,2015-10-12T19:01:26.670,41.31496106,-72.95954689,-68.0,9.0
1444676487665,2015-10-12T19:01:27.665,41.31494137,-72.95957895,-62.0,10.0
1444676488667,2015-10-12T19:01:28.667,41.31494588,-72.95960337,-59.0,11.0
1444676489669,2015-10-12T19:01:29.669,41.31494013,-72.95963406,-54.0,10.0
1444676490676,2015-10-12T19:01:30.676,41.31492739,-72.95966471,-49.0,10.0
1444676491675,2015-10-12T19:01:31.675,41.31493443,-72.95966322,-47.0,10.0
1444676492658,2015-10-12T19:01:32.658,41.31494096,-72.9596942,-44.0,11.0
1444676493664,2015-10-12T19:01:33.664,41.31494191,-72.95971096,-42.0,10.0
1444676494621,2015-10-12T19:01:34.621,41.31495751,-72.95963031,-40.0,10.0
1444676495638,2015-10-12T19:01:35.638,41.31497072,-72.95960448,-37.0,8.0
1444676496633,2015-10-12T19:01:36.633,41.3149901,-72.95962319,-36.0,7.0
1444676497634,2015-10-12T19:01:37.634,41.31499067,-72.95962326,-36.0,8.0
1444676498632,2015-10-12T19:01:38.632,41.31500386,-72.95962202,-35.0,8.0
1444676499615,2015-10-12T19:01:39.615,41.31501773,-72.95962623,-34.0,7.0
1444676500634,2015-10-12T19:01:40.634,41.31502486,-72.95962914,-33.0,8.0
1444676501642,2015-10-12T19:01:41.642,41.31503331,-72.95963499,-33.0,8.0
1444676502638,2015-10-12T19:01:42.638,41.31503372,-72.95964009,-32.0,9.0
1444676503636,2015-10-12T19:01:43.636,41.31503877,-72.95964622,-32.0,10.0
1444676504635,2015-10-12T19:01:44.635,41.31504609,-72.9596514,-33.0,10.0
1444676505686,2015-10-12T19:01:45.686,41.31504649,-72.95965324,-33.0,12.0
1444676505804,2015-10-12T19:01:45.804,41.3149037,-72.9593758,0.0,30.0
1444676506637,2015-10-12T19:01:46.637,41.3150499,-72.95966253,-33.0,11.0
1444676507640,2015-10-12T19:01:47.640,41.3150513,-72.959668,-34.0,10.0
1444676508643,2015-10-12T19:01:48.643,41.31505164,-72.95966855,-34.0,9.0
1444676509640,2015-10-12T19:01:49.640,41.31505191,-72.95966901,-34.0,9.0
1444676510644,2015-10-12T19:01:50.644,41.31505215,-72.95966852,-34.0,9.0
1444676511645,2015-10-12T19:01:51.645,41.31505221,-72.95966885,-34.0,9.0
1444676512639,2015-10-12T19:01:52.639,41.3150527,-72.95966794,-34.0,9.0
1444676513637,2015-10-12T19:01:53.637,41.3150532,-72.95966898,-34.0,10.0
1444676514639,2015-10-12T19:01:54.639,41.31505327,-72.95967012,-34.0,10.0
1444676515639,2015-10-12T19:01:55.639,41.31505341,-72.95967067,-34.0,11.0
1444676516757,2015-10-12T19:01:56.757,41.31505344,-72.95967132,-34.0,12.0
1444676517660,2015-10-12T19:01:57.660,41.31505304,-72.95967263,-33.0,13.0
1444676519155,2015-10-12T19:01:59.155,41.31505308,-72.95967349,-33.0,15.0
1444676519658,2015-10-12T19:01:59.658,41.31505311,-72.95967416,-33.0,16.0
1444676520622,2015-10-12T19:02:00.622,41.31505313,-72.95967468,-33.0,17.0
1444676521637,2015-10-12T19:02:01.637,41.31505316,-72.95967527,-34.0,19.0
1444676522635,2015-10-12T19:02:02.635,41.31505319,-72.9596758,-34.0,21.0
1444676523637,2015-10-12T19:02:03.637,41.31505313,-72.95967626,-34.0,21.0
1444676524634,2015-10-12T19:02:04.634,41.31505267,-72.95967767,-33.0,14.0
1444676525645,2015-10-12T19:02:05.645,41.31505211,-72.95967921,-33.0,13.0
1444676525775,2015-10-12T19:02:05.775,41.3149203,-72.9594169,0.0,30.0
1444676526753,2015-10-12T19:02:06.753,41.31505181,-72.9596799,-33.0,14.0
1444676527666,2015-10-12T19:02:07.666,41.31505159,-72.95968045,-33.0,14.0
1444676528671,2015-10-12T19:02:08.671,41.31505139,-72.95968093,-33.0,14.0
1444676529669,2015-10-12T19:02:09.669,41.31505117,-72.95968156,-33.0,14.0
1444676530676,2015-10-12T19:02:10.676,41.31505085,-72.95968171,-33.0,14.0
1444676531672,2015-10-12T19:02:11.672,41.3150508,-72.95968199,-33.0,14.0
1444676532670,2015-10-12T19:02:12.670,41.31504988,-72.95968339,-33.0,14.0
1444676533635,2015-10-12T19:02:13.635,41.31505011,-72.95968392,-33.0,14.0
1444676534932,2015-10-12T19:02:14.932,41.31504973,-72.95968359,-33.0,14.0
1444676535692,2015-10-12T19:02:15.692,41.31504972,-72.95968364,-33.0,14.0
1444676536741,2015-10-12T19:02:16.741,41.31504972,-72.95968355,-33.0,13.0
1444676537735,2015-10-12T19:02:17.735,41.31504964,-72.95968353,-33.0,13.0
1444676538738,2015-10-12T19:02:18.738,41.31504909,-72.95968313,-33.0,14.0
1444676539707,2015-10-12T19:02:19.707,41.31504535,-72.95968225,-33.0,13.0
1444676540637,2015-10-12T19:02:20.637,41.31504447,-72.95968243,-33.0,13.0
1444676541640,2015-10-12T19:02:21.640,41.31504098,-72.95967992,-32.0,12.0
1444676542635,2015-10-12T19:02:22.635,41.31504063,-72.95967963,-32.0,12.0
1444676543640,2015-10-12T19:02:23.640,41.31503948,-72.95967925,-32.0,12.0
1444676544644,2015-10-12T19:02:24.644,41.31503866,-72.95967899,-32.0,12.0
1444676545643,2015-10-12T19:02:25.643,41.31503864,-72.95967871,-32.0,12.0
1444676545828,2015-10-12T19:02:25.828,41.3149204,-72.9593515,0.0,34.5
1444676546671,2015-10-12T19:02:26.671,41.3150387,-72.95967843,-32.0,12.0
1444676547680,2015-10-12T19:02:27.680,41.31503875,-72.95967845,-32.0,11.0
1444676548651,2015-10-12T19:02:28.651,41.3150385,-72.9596784,-32.0,11.0
1444676549686,2015-10-12T19:02:29.686,41.31503852,-72.95967825,-32.0,11.0
1444676550671,2015-10-12T19:02:30.671,41.31503848,-72.95967844,-32.0,11.0
1444676551661,2015-10-12T19:02:31.661,41.3150385,-72.95967887,-32.0,11.0
1444676552671,2015-10-12T19:02:32.671,41.3150385,-72.95967884,-32.0,11.0
1444676553666,2015-10-12T19:02:33.666,41.3150385,-72.95967879,-32.0,11.0
1444676554676,2015-10-12T19:02:34.676,41.31503846,-72.95967868,-32.0,11.0
1444676555640,2015-10-12T19:02:35.640,41.31503844,-72.95967869,-32.0,12.0
1444676556748,2015-10-12T19:02:36.748,41.31503838,-72.95967867,-32.0,12.0
1444676557668,2015-10-12T19:02:37.668,41.31503833,-72.95967858,-32.0,12.0
1444676558674,2015-10-12T19:02:38.674,41.3150383,-72.95967847,-32.0,12.0
1444676559676,2015-10-12T19:02:39.676,41.3150383,-72.95967839,-32.0,11.0
1444676560604,2015-10-12T19:02:40.604,41.31503826,-72.95967821,-32.0,12.0
1444676561646,2015-10-12T19:02:41.646,41.31503822,-72.95967821,-32.0,11.0
1444676562634,2015-10-12T19:02:42.634,41.31503824,-72.95967816,-32.0,11.0
1444676563635,2015-10-12T19:02:43.635,41.31503821,-72.9596781,-32.0,11.0
1444676564639,2015-10-12T19:02:44.639,41.31503819,-72.95967815,-32.0,12.0
1444676565642,2015-10-12T19:02:45.642,41.31503817,-72.95967821,-32.0,11.0
1444676565891,2015-10-12T19:02:45.891,41.3149202,-72.9594164,0.0,30.0
1444676566749,2015-10-12T19:02:46.749,41.31503813,-72.95967826,-32.0,12.0
1444676567660,2015-10-12T19:02:47.660,41.31503806,-72.95967817,-32.0,11.0
1444676568743,2015-10-12T19:02:48.743,41.31503801,-72.95967823,-32.0,12.0
1444676569733,2015-10-12T19:02:49.733,41.31503798,-72.95967816,-32.0,12.0
1444676570663,2015-10-12T19:02:50.663,41.31503792,-72.95967822,-32.0,12.0
1444676571652,2015-10-12T19:02:51.652,41.31503794,-72.95967822,-32.0,12.0
1444676572654,2015-10-12T19:02:52.654,41.31503791,-72.95967832,-32.0,11.0
1444676573649,2015-10-12T19:02:53.649,41.31503795,-72.95967844,-33.0,12.0
1444676574655,2015-10-12T19:02:54.655,41.31503793,-72.95967843,-33.0,11.0
1444676575637,2015-10-12T19:02:55.637,41.31503791,-72.95967852,-33.0,11.0
1444676576654,2015-10-12T19:02:56.654,41.31503793,-72.95967856,-33.0,11.0
1444676577734,2015-10-12T19:02:57.734,41.31503793,-72.95967847,-33.0,11.0
1444676578708,2015-10-12T19:02:58.708,41.31503795,-72.95967846,-33.0,11.0
1444676579667,2015-10-12T19:02:59.667,41.31503794,-72.95967844,-33.0,11.0
1444676580633,2015-10-12T19:03:00.633,41.31503794,-72.95967837,-33.0,12.0
1444676581637,2015-10-12T19:03:01.637,41.31503798,-72.95967837,-33.0,12.0
1444677186039,2015-10-12T19:13:06.39,41.3149228,-72.9594373,0.0,30.0
1444677190663,2015-10-12T19:13:10.663,41.31495114,-72.9598018,-17.0,17.0
1444677191673,2015-10-12T19:13:11.673,41.315013,-72.95969981,-48.0,15.0
1444677192678,2015-10-12T19:13:12.678,41.31507208,-72.95969603,-43.0,12.0
1444677193674,2015-10-12T19:13:13.674,41.31505739,-72.9596664,-45.0,10.0
1444677194680,2015-10-12T19:13:14.680,41.31510338,-72.9596904,-53.0,9.0
1444677195671,2015-10-12T19:13:15.671,41.31507176,-72.95969618,-49.0,8.0
1444677196680,2015-10-12T19:13:16.680,41.31507621,-72.9596938,-51.0,8.0
1444677197649,2015-10-12T19:13:17.649,41.31506434,-72.95967917,-51.0,6.0
1444677198661,2015-10-12T19:13:18.661,41.31506684,-72.95968868,-52.0,6.0
1444677199739,2015-10-12T19:13:19.739,41.31507046,-72.95968833,-50.0,5.0
1444677200655,2015-10-12T19:13:20.655,41.31508113,-72.9596964,-50.0,4.0
1444677201626,2015-10-12T19:13:21.626,41.31507769,-72.95969212,-50.0,4.0
1444677202607,2015-10-12T19:13:22.607,41.31507216,-72.95969653,-47.0,4.0
1444677203647,2015-10-12T19:13:23.647,41.31507216,-72.95969653,-47.0,5.0
1444677204654,2015-10-12T19:13:24.654,41.31507369,-72.95969413,-47.0,6.0
1444677205645,2015-10-12T19:13:25.645,41.31507687,-72.95968697,-46.0,6.0
1444677206137,2015-10-12T19:13:26.137,41.3149096,-72.9594104,0.0,34.5
1444677206740,2015-10-12T19:13:26.740,41.31507285,-72.95968017,-45.0,6.0
1444677207681,2015-10-12T19:13:27.681,41.31507527,-72.95968622,-45.0,5.0
1444677208641,2015-10-12T19:13:28.641,41.31507307,-72.95968479,-44.0,4.0
1444677209734,2015-10-12T19:13:29.734,41.31507267,-72.95968316,-44.0,4.0
1444677210671,2015-10-12T19:13:30.671,41.31507292,-72.95968307,-45.0,4.0
1444677211668,2015-10-12T19:13:31.668,41.31507068,-72.95968158,-44.0,4.0
1444677212672,2015-10-12T19:13:32.672,41.31507009,-72.95968221,-44.0,4.0
1444677213665,2015-10-12T19:13:33.665,41.3150701,-72.9596819,-44.0,4.0
1444677214664,2015-10-12T19:13:34.664,41.3150699,-72.95968055,-43.0,4.0
1444677216134,2015-10-12T19:13:36.134,41.31506963,-72.95968006,-43.0,4.0
1444677216642,2015-10-12T19:13:36.642,41.3150701,-72.95968016,-43.0,4.0
1444677217652,2015-10-12T19:13:37.652,41.3150702,-72.95968025,-44.0,3.0
1444677218652,2015-10-12T19:13:38.652,41.31506999,-72.95968,-44.0,3.0
1444677219751,2015-10-12T19:13:39.751,41.31507018,-72.95968021,-44.0,3.0
1444677220716,2015-10-12T19:13:40.716,41.31507022,-72.95968033,-44.0,3.0
1444677221650,2015-10-12T19:13:41.650,41.31507003,-72.9596802,-44.0,3.0
1444677222641,2015-10-12T19:13:42.641,41.31506999,-72.95967993,-44.0,3.0
1444677223653,2015-10-12T19:13:43.653,41.31507003,-72.95967998,-44.0,3.0
1444677224640,2015-10-12T19:13:44.640,41.31506994,-72.95968002,-44.0,3.0
1444677225642,2015-10-12T19:13:45.642,41.31506986,-72.9596799,-44.0,3.0
1444677226179,2015-10-12T19:13:46.179,41.3149102,-72.9594255,0.0,34.5
1444677226721,2015-10-12T19:13:46.721,41.31506987,-72.9596799,-44.0,3.0
1444677227671,2015-10-12T19:13:47.671,41.31506978,-72.95967983,-44.0,3.0
1444677228635,2015-10-12T19:13:48.635,41.3150697,-72.95967983,-44.0,3.0
1444677232676,2015-10-12T19:13:52.676,41.31506957,-72.95967999,-44.0,3.0
1444677233658,2015-10-12T19:13:53.658,41.31506953,-72.95968,-44.0,3.0
1444677234670,2015-10-12T19:13:54.670,41.31506957,-72.95968007,-44.0,3.0
1444677235738,2015-10-12T19:13:55.738,41.31506953,-72.95968009,-44.0,3.0
1444677236674,2015-10-12T19:13:56.674,41.31506954,-72.95968016,-44.0,3.0
1444677237660,2015-10-12T19:13:57.660,41.31506947,-72.95968025,-44.0,3.0
1444677238641,2015-10-12T19:13:58.641,41.31506947,-72.95968033,-44.0,3.0
1444677239728,2015-10-12T19:13:59.728,41.31506937,-72.9596803,-44.0,3.0
1444677240731,2015-10-12T19:14:00.731,41.31506923,-72.95968029,-44.0,3.0
1444677241641,2015-10-12T19:14:01.641,41.31506921,-72.95968031,-44.0,3.0
1444677242612,2015-10-12T19:14:02.612,41.31506897,-72.95968006,-44.0,3.0
1444677243640,2015-10-12T19:14:03.640,41.31506896,-72.95968002,-44.0,3.0
1444677244643,2015-10-12T19:14:04.643,41.31506896,-72.95968001,-44.0,3.0
1444677245647,2015-10-12T19:14:05.647,41.315069,-72.95968008,-44.0,3.0
1444677246210,2015-10-12T19:14:06.210,41.3149084,-72.9594024,0.0,34.5
1444677246739,2015-10-12T19:14:06.739,41.31506905,-72.95968014,-44.0,3.0
1444677247747,2015-10-12T19:14:07.747,41.31506914,-72.95968024,-44.0,9.0
1444677248639,2015-10-12T19:14:08.639,41.31506914,-72.95968026,-44.0,9.0
1444677249738,2015-10-12T19:14:09.738,41.31506907,-72.95968016,-44.0,9.0
1444677250674,2015-10-12T19:14:10.674,41.3150691,-72.95968018,-43.0,9.0
1444677251659,2015-10-12T19:14:11.659,41.31506919,-72.95968018,-43.0,9.0
1444677252678,2015-10-12T19:14:12.678,41.31506923,-72.95968019,-43.0,9.0
1444677253943,2015-10-12T19:14:13.943,41.31506925,-72.95968019,-43.0,9.0
1444677254658,2015-10-12T19:14:14.658,41.31506922,-72.95968017,-43.0,10.0
1444677255657,2015-10-12T19:14:15.657,41.31506914,-72.95968009,-43.0,10.0
1444677256657,2015-10-12T19:14:16.657,41.31506909,-72.95968003,-43.0,10.0
1444677257637,2015-10-12T19:14:17.637,41.31506906,-72.95967996,-43.0,10.0
1444677258656,2015-10-12T19:14:18.656,41.31506905,-72.95967993,-43.0,10.0
1444677260787,2015-10-12T19:14:20.787,41.31506897,-72.95967977,-43.0,10.0
1444677261645,2015-10-12T19:14:21.645,41.31506889,-72.95967964,-43.0,10.0
1444677262611,2015-10-12T19:14:22.611,41.31506888,-72.95967963,-43.0,10.0
1444677263640,2015-10-12T19:14:23.640,41.31506886,-72.95967963,-43.0,10.0
1444677264651,2015-10-12T19:14:24.651,41.31506884,-72.95967956,-43.0,10.0
1444677265637,2015-10-12T19:14:25.637,41.31506878,-72.95967953,-43.0,10.0
1444677266297,2015-10-12T19:14:26.297,41.3149334,-72.9593574,0.0,30.0
1444677267963,2015-10-12T19:14:27.963,41.31506872,-72.95967946,-43.0,10.0
1444677267966,2015-10-12T19:14:27.966,41.31506873,-72.95967942,-43.0,10.0
1444677268608,2015-10-12T19:14:28.608,41.31506867,-72.95967934,-43.0,10.0
1444677269664,2015-10-12T19:14:29.664,41.31506865,-72.95967932,-43.0,10.0
1444677270672,2015-10-12T19:14:30.672,41.3150687,-72.95967931,-44.0,10.0
1444677271664,2015-10-12T19:14:31.664,41.31506865,-72.95967926,-43.0,10.0
1444677272664,2015-10-12T19:14:32.664,41.31506855,-72.95967913,-43.0,10.0
1444677273684,2015-10-12T19:14:33.684,41.31506862,-72.95967918,-44.0,10.0
1444677274680,2015-10-12T19:14:34.680,41.31506867,-72.95967912,-44.0,10.0
1444677275674,2015-10-12T19:14:35.674,41.3150687,-72.95967918,-44.0,10.0
1444677276681,2015-10-12T19:14:36.681,41.31506873,-72.95967918,-44.0,10.0
1444677277662,2015-10-12T19:14:37.662,41.31506867,-72.95967915,-43.0,10.0
1444677278641,2015-10-12T19:14:38.641,41.31506866,-72.95967907,-43.0,10.0
1444677279670,2015-10-12T19:14:39.670,41.31506854,-72.95967901,-43.0,10.0
1444677280682,2015-10-12T19:14:40.682,41.31506853,-72.95967891,-44.0,10.0
1444677281650,2015-10-12T19:14:41.650,41.31506851,-72.95967889,-44.0,10.0
1444677282627,2015-10-12T19:14:42.627,41.31506846,-72.95967887,-44.0,10.0
1444677283638,2015-10-12T19:14:43.638,41.31506839,-72.95967878,-44.0,10.0
1444677284641,2015-10-12T19:14:44.641,41.31506837,-72.95967877,-44.0,10.0
1444677285640,2015-10-12T19:14:45.640,41.31506832,-72.95967876,-43.0,10.0
1444677286350,2015-10-12T19:14:46.350,41.3149204,-72.9593515,0.0,34.5
1444677286647,2015-10-12T19:14:46.647,41.31506831,-72.95967875,-43.0,10.0
1444677287684,2015-10-12T19:14:47.684,41.31506835,-72.95967874,-43.0,10.0
1444677288648,2015-10-12T19:14:48.648,41.31506833,-72.95967866,-43.0,10.0
1444677289669,2015-10-12T19:14:49.669,41.31506834,-72.95967873,-43.0,10.0
1444677290729,2015-10-12T19:14:50.729,41.31506834,-72.9596787,-43.0,10.0
1444677291680,2015-10-12T19:14:51.680,41.31506836,-72.95967875,-43.0,10.0
1444677292694,2015-10-12T19:14:52.694,41.31506834,-72.95967881,-43.0,10.0
1444677293679,2015-10-12T19:14:53.679,41.31506831,-72.95967885,-43.0,10.0
1444677294670,2015-10-12T19:14:54.670,41.31506828,-72.95967886,-43.0,10.0
1444677295680,2015-10-12T19:14:55.680,41.3150683,-72.95967889,-43.0,10.0
1444677296633,2015-10-12T19:14:56.633,41.3150683,-72.95967895,-43.0,10.0
1444677297657,2015-10-12T19:14:57.657,41.31506817,-72.95967899,-43.0,10.0
1444677298639,2015-10-12T19:14:58.639,41.31506817,-72.95967903,-43.0,10.0
1444677299721,2015-10-12T19:14:59.721,41.31506822,-72.95967905,-43.0,10.0
1444677300645,2015-10-12T19:15:00.645,41.31506827,-72.95967914,-43.0,10.0
1444677301637,2015-10-12T19:15:01.637,41.31506834,-72.95967926,-43.0,10.0
1444677906110,2015-10-12T19:25:06.110,41.3148981,-72.9593285,0.0,30.0
1444677922606,2015-10-12T19:25:22.606,41.31512857,-72.95971801,-51.0,35.0
1444677923616,2015-10-12T19:25:23.616,41.31509862,-72.959758,-52.0,35.0
1444677924607,2015-10-12T19:25:24.607,41.31498724,-72.95988145,-35.0,34.0
1444677925614,2015-10-12T19:25:25.614,41.31498186,-72.95988079,-35.0,36.0
1444677926023,2015-10-12T19:25:26.23,41.3148993,-72.9593315,0.0,30.0
1444677926618,2015-10-12T19:25:26.618,41.31505773,-72.95981858,-45.0,34.0
1444677927606,2015-10-12T19:25:27.606,41.31502947,-72.95978045,-41.0,34.0
1444677928611,2015-10-12T19:25:28.611,41.31499051,-72.95983461,-29.0,35.0
1444677929608,2015-10-12T19:25:29.608,41.31497605,-72.95983684,-26.0,37.0
1444677930608,2015-10-12T19:25:30.608,41.31498461,-72.95984757,-28.0,36.0
1444677931610,2015-10-12T19:25:31.610,41.31497302,-72.95988387,-21.0,33.0
1444677932628,2015-10-12T19:25:32.628,41.31497257,-72.95987719,-21.0,34.0
1444677933616,2015-10-12T19:25:33.616,41.31494362,-72.95988376,-16.0,33.0
1444677934622,2015-10-12T19:25:34.622,41.31495751,-72.95987107,-13.0,28.0
1444677935607,2015-10-12T19:25:35.607,41.31479593,-72.95985855,3.0,26.0
1444677936605,2015-10-12T19:25:36.605,41.31482474,-72.95976922,-7.0,27.0
1444677937609,2015-10-12T19:25:37.609,41.3148376,-72.95966578,-22.0,29.0
1444677938687,2015-10-12T19:25:38.687,41.31485889,-72.9596757,-26.0,29.0
1444677939651,2015-10-12T19:25:39.651,41.31487234,-72.95965738,-27.0,29.0
1444677940722,2015-10-12T19:25:40.722,41.31483794,-72.95963062,-25.0,30.0
1444677941617,2015-10-12T19:25:41.617,41.31486539,-72.95960809,-29.0,31.0
1444677942433,2015-10-12T19:25:42.433,41.3148985,-72.9593871,0.0,31.5
1444677942608,2015-10-12T19:25:42.608,41.31486651,-72.95958984,-27.0,32.0
1444677943613,2015-10-12T19:25:43.613,41.3148128,-72.95957247,-21.0,33.0
1444677944609,2015-10-12T19:25:44.609,41.31481065,-72.9595645,-20.0,36.0
1444677945607,2015-10-12T19:25:45.607,41.3148203,-72.95957902,-13.0,34.0
1444677946628,2015-10-12T19:25:46.628,41.31480774,-72.95957947,-9.0,33.0
1444677947610,2015-10-12T19:25:47.610,41.31480224,-72.95957698,-6.0,33.0
1444677948612,2015-10-12T19:25:48.612,41.3147996,-72.95956433,-2.0,31.0
1444677949626,2015-10-12T19:25:49.626,41.31477516,-72.95958644,-1.0,29.0
1444677950613,2015-10-12T19:25:50.613,41.31476125,-72.95959253,1.0,29.0
1444677951697,2015-10-12T19:25:51.697,41.31474874,-72.95960542,3.0,29.0
1444677952649,2015-10-12T19:25:52.649,41.3148118,-72.95960689,0.0,29.0
1444677953607,2015-10-12T19:25:53.607,41.31481883,-72.95960663,2.0,28.0
1444677954649,2015-10-12T19:25:54.649,41.31479389,-72.9596089,2.0,29.0
1444677955620,2015-10-12T19:25:55.620,41.3147194,-72.95962281,2.0,30.0
1444677956640,2015-10-12T19:25:56.640,41.31474425,-72.95965902,2.0,30.0
1444677957653,2015-10-12T19:25:57.653,41.3146741,-72.95966478,3.0,34.0
1444677958711,2015-10-12T19:25:58.711,41.31465925,-72.95963262,8.0,35.0
1444677959618,2015-10-12T19:25:59.618,41.31466617,-72.95963448,7.0,35.0
1444677960617,2015-10-12T19:26:00.617,41.31465608,-72.9596336,6.0,34.0
1444677961615,2015-10-12T19:26:01.615,41.31468492,-72.95965494,7.0,35.0
1444677962606,2015-10-12T19:26:02.606,41.31467191,-72.95965253,6.0,34.0
1444677963613,2015-10-12T19:26:03.613,41.31467147,-72.95963311,7.0,34.0
1444677964615,2015-10-12T19:26:04.615,41.31467771,-72.95962591,6.0,34.0
1444677965620,2015-10-12T19:26:05.620,41.31468559,-72.95962521,7.0,35.0
1444677966003,2015-10-12T19:26:06.3,41.3148963,-72.9593892,0.0,30.0
1444677966606,2015-10-12T19:26:06.606,41.31468644,-72.95962559,6.0,35.0
1444677967606,2015-10-12T19:26:07.606,41.31466009,-72.95965108,10.0,34.0
1444677968615,2015-10-12T19:26:08.615,41.31465284,-72.95965805,11.0,33.0
1444677969619,2015-10-12T19:26:09.619,41.31468449,-72.95962345,5.0,31.0
1444677970625,2015-10-12T19:26:10.625,41.31468157,-72.95964178,8.0,25.0
1444677971616,2015-10-12T19:26:11.616,41.31468237,-72.95965251,9.0,23.0
1444677972608,2015-10-12T19:26:12.608,41.3146732,-72.9596684,11.0,20.0
1444677973611,2015-10-12T19:26:13.611,41.31470501,-72.9596803,12.0,19.0
1444677974614,2015-10-12T19:26:14.614,41.31473193,-72.95966635,11.0,18.0
1444677975608,2015-10-12T19:26:15.608,41.31473314,-72.959668,11.0,18.0
1444677976613,2015-10-12T19:26:16.613,41.31471342,-72.95968537,12.0,18.0
1444677977609,2015-10-12T19:26:17.609,41.31471138,-72.95968233,12.0,16.0
1444677978613,2015-10-12T19:26:18.613,41.31470797,-72.9596831,12.0,15.0
1444677979613,2015-10-12T19:26:19.613,41.31473826,-72.95968967,11.0,13.0
1444677980613,2015-10-12T19:26:20.613,41.31478442,-72.95968008,7.0,14.0
1444677981645,2015-10-12T19:26:21.645,41.31478666,-72.95968128,7.0,14.0
1444677982640,2015-10-12T19:26:22.640,41.31478821,-72.95968122,6.0,14.0
1444677983707,2015-10-12T19:26:23.707,41.31479387,-72.95968106,6.0,14.0
1444677984655,2015-10-12T19:26:24.655,41.31479533,-72.95968136,6.0,14.0
1444677985651,2015-10-12T19:26:25.651,41.31479892,-72.95968001,6.0,14.0
1444677986147,2015-10-12T19:26:26.147,41.3149085,-72.9593416,0.0,40.5
1444677986656,2015-10-12T19:26:26.656,41.31479868,-72.95967989,6.0,14.0
1444677987647,2015-10-12T19:26:27.647,41.31480039,-72.95967849,5.0,14.0
1444677988649,2015-10-12T19:26:28.649,41.31479871,-72.95967938,6.0,13.0
1444677989649,2015-10-12T19:26:29.649,41.31480088,-72.95967869,5.0,13.0
1444677990648,2015-10-12T19:26:30.648,41.31480321,-72.95967653,5.0,12.0
1444677991654,2015-10-12T19:26:31.654,41.31480434,-72.95967616,5.0,12.0
1444677992627,2015-10-12T19:26:32.627,41.31480804,-72.95967618,5.0,12.0
1444677993644,2015-10-12T19:26:33.644,41.3148087,-72.95967618,5.0,11.0
1444677994651,2015-10-12T19:26:34.651,41.31483239,-72.95966775,2.0,11.0
1444677995640,2015-10-12T19:26:35.640,41.3148283,-72.95966727,2.0,11.0
1444677996639,2015-10-12T19:26:36.639,41.31484009,-72.95966081,1.0,12.0
1444677997637,2015-10-12T19:26:37.637,41.3148615,-72.95965112,-2.0,12.0
1444677998640,2015-10-12T19:26:38.640,41.314856,-72.95965318,-1.0,12.0
1444677999641,2015-10-12T19:26:39.641,41.31488386,-72.95964088,-4.0,12.0
1444678000627,2015-10-12T19:26:40.627,41.3148862,-72.95963911,-4.0,12.0
1444678001645,2015-10-12T19:26:41.645,41.31488617,-72.95963733,-5.0,12.0
1444678002640,2015-10-12T19:26:42.640,41.314897,-72.95963096,-6.0,12.0
1444678003651,2015-10-12T19:26:43.651,41.31489701,-72.95963056,-6.0,12.0
1444678004646,2015-10-12T19:26:44.646,41.31489686,-72.95963038,-6.0,12.0
1444678005643,2015-10-12T19:26:45.643,41.31489555,-72.95963146,-6.0,12.0
1444678006165,2015-10-12T19:26:46.165,41.3149002,-72.9593951,0.0,30.0
1444678006645,2015-10-12T19:26:46.645,41.31489806,-72.95963085,-6.0,13.0
1444678007645,2015-10-12T19:26:47.645,41.31489792,-72.9596311,-6.0,13.0
1444678008654,2015-10-12T19:26:48.654,41.31489704,-72.95963116,-6.0,13.0
1444678009642,2015-10-12T19:26:49.642,41.31489673,-72.95963153,-6.0,12.0
1444678010651,2015-10-12T19:26:50.651,41.31489665,-72.95963169,-6.0,12.0
1444678011644,2015-10-12T19:26:51.644,41.31489849,-72.95963173,-6.0,12.0
1444678012645,2015-10-12T19:26:52.645,41.31489907,-72.95963203,-6.0,12.0
1444678013642,2015-10-12T19:26:53.642,41.31489854,-72.95963247,-6.0,13.0
1444678014644,2015-10-12T19:26:54.644,41.31489883,-72.95963276,-6.0,12.0
1444678015645,2015-10-12T19:26:55.645,41.31489856,-72.95963327,-6.0,12.0
1444678016647,2015-10-12T19:26:56.647,41.31489924,-72.9596334,-6.0,12.0
1444678017644,2015-10-12T19:26:57.644,41.31489874,-72.95963366,-6.0,11.0
1444678018644,2015-10-12T19:26:58.644,41.31489867,-72.95963368,-6.0,11.0
1444678019644,2015-10-12T19:26:59.644,41.31489683,-72.95963498,-6.0,11.0
1444678020643,2015-10-12T19:27:00.643,41.31494883,-72.95957463,-13.0,12.0
1444678021644,2015-10-12T19:27:01.644,41.31493908,-72.95957121,-11.0,12.0
1444678626211,2015-10-12T19:37:06.211,41.3148971,-72.9593944,0.0,30.0
1444678632689,2015-10-12T19:37:12.689,41.31494984,-72.95977389,-81.0,19.0
1444678633682,2015-10-12T19:37:13.682,41.31487249,-72.95991499,-96.0,21.0
1444678634673,2015-10-12T19:37:14.673,41.31485097,-72.95985595,-76.0,18.0
1444678635673,2015-10-12T19:37:15.673,41.31482819,-72.95990345,-82.0,16.0
1444678636683,2015-10-12T19:37:16.683,41.31479614,-72.95995052,-86.0,16.0
1444678637649,2015-10-12T19:37:17.649,41.31481838,-72.95992838,-80.0,12.0
1444678638743,2015-10-12T19:37:18.743,41.3148178,-72.95993571,-77.0,10.0
1444678639740,2015-10-12T19:37:19.740,41.3148555,-72.95990444,-70.0,10.0
1444678640741,2015-10-12T19:37:20.741,41.31488986,-72.95987742,-64.0,9.0
1444678641647,2015-10-12T19:37:21.647,41.31490332,-72.95984551,-57.0,9.0
1444678642647,2015-10-12T19:37:22.647,41.31490882,-72.95983763,-54.0,9.0
1444678643652,2015-10-12T19:37:23.652,41.31490979,-72.95983504,-53.0,9.0
1444678644647,2015-10-12T19:37:24.647,41.31491487,-72.95983453,-51.0,8.0
1444678645646,2015-10-12T19:37:25.646,41.3149189,-72.95982736,-49.0,8.0
1444678646197,2015-10-12T19:37:26.197,41.3148957,-72.9593909,0.0,30.0
1444678646960,2015-10-12T19:37:26.960,41.31492273,-72.95982446,-49.0,8.0
1444678647610,2015-10-12T19:37:27.610,41.31492119,-72.95982234,-49.0,7.0
1444678648652,2015-10-12T19:37:28.652,41.3149159,-72.9598365,-51.0,7.0
1444678649758,2015-10-12T19:37:29.758,41.31493224,-72.95981024,-46.0,6.0
1444678650667,2015-10-12T19:37:30.667,41.31493969,-72.95979934,-44.0,7.0
1444678651667,2015-10-12T19:37:31.667,41.31494283,-72.95979615,-43.0,8.0
1444678652634,2015-10-12T19:37:32.634,41.31495104,-72.95977662,-40.0,7.0
1444678653609,2015-10-12T19:37:33.609,41.31495671,-72.95976786,-38.0,7.0
1444678655733,2015-10-12T19:37:35.733,41.3149574,-72.95976949,-38.0,6.0
1444678656667,2015-10-12T19:37:36.667,41.31495785,-72.95977277,-39.0,6.0
1444678657669,2015-10-12T19:37:37.669,41.31495882,-72.95977295,-39.0,6.0
1444678660663,2015-10-12T19:37:40.663,41.31495898,-72.95977194,-39.0,6.0
1444678660673,2015-10-12T19:37:40.673,41.31495901,-72.95977166,-39.0,7.0
1444678661646,2015-10-12T19:37:41.646,41.31495972,-72.95977008,-38.0,7.0
1444678662618,2015-10-12T19:37:42.618,41.31495936,-72.95977062,-38.0,7.0
1444678663664,2015-10-12T19:37:43.664,41.31495945,-72.95977069,-39.0,7.0
1444678664649,2015-10-12T19:37:44.649,41.31495934,-72.9597707,-39.0,7.0
1444678665647,2015-10-12T19:37:45.647,41.31495943,-72.95977072,-39.0,6.0
1444678666312,2015-10-12T19:37:46.312,41.3149072,-72.9593362,0.0,30.0
1444678666649,2015-10-12T19:37:46.649,41.31495951,-72.95977073,-39.0,6.0
1444678667673,2015-10-12T19:37:47.673,41.3149603,-72.95977076,-39.0,7.0
1444678668907,2015-10-12T19:37:48.907,41.31496177,-72.95977335,-39.0,7.0
1444678669657,2015-10-12T19:37:49.657,41.31496167,-72.95977337,-39.0,7.0
1444678670673,2015-10-12T19:37:50.673,41.31496161,-72.95977314,-39.0,6.0
1444678671671,2015-10-12T19:37:51.671,41.31496165,-72.95977073,-39.0,6.0
1444678672679,2015-10-12T19:37:52.679,41.31496167,-72.95977077,-39.0,7.0
1444678673675,2015-10-12T19:37:53.675,41.3149619,-72.95977054,-39.0,7.0
1444678674678,2015-10-12T19:37:54.678,41.31496192,-72.95977007,-39.0,6.0
1444678675671,2015-10-12T19:37:55.671,41.31496188,-72.95977001,-39.0,6.0
1444678676679,2015-10-12T19:37:56.679,41.31496195,-72.95976967,-39.0,6.0
1444678677646,2015-10-12T19:37:57.646,41.31496205,-72.95976986,-39.0,7.0
1444678679749,2015-10-12T19:37:59.749,41.31496209,-72.95977027,-39.0,8.0
1444678680681,2015-10-12T19:38:00.681,41.31496205,-72.95977035,-39.0,8.0
1444678681656,2015-10-12T19:38:01.656,41.31496196,-72.95977032,-39.0,9.0
1444678682668,2015-10-12T19:38:02.668,41.31496197,-72.95977043,-39.0,10.0
1444678683656,2015-10-12T19:38:03.656,41.31496189,-72.95977052,-39.0,10.0
1444678684651,2015-10-12T19:38:04.651,41.31496198,-72.95977178,-39.0,9.0
1444678685645,2015-10-12T19:38:05.645,41.31496143,-72.95977346,-39.0,9.0
1444678686415,2015-10-12T19:38:06.415,41.3148965,-72.9593991,0.0,30.0
1444678686651,2015-10-12T19:38:06.651,41.31496127,-72.95977256,-39.0,9.0
1444678687647,2015-10-12T19:38:07.647,41.31496138,-72.95977213,-39.0,12.0
1444678688759,2015-10-12T19:38:08.759,41.31496134,-72.95977175,-39.0,12.0
1444678689683,2015-10-12T19:38:09.683,41.31496129,-72.95977158,-39.0,12.0
1444678690675,2015-10-12T19:38:10.675,41.31496166,-72.9597697,-39.0,12.0
1444678691665,2015-10-12T19:38:11.665,41.31496154,-72.95976928,-39.0,12.0
1444678692674,2015-10-12T19:38:12.674,41.31496146,-72.95976926,-39.0,11.0
1444678693675,2015-10-12T19:38:13.675,41.31496157,-72.95976854,-38.0,11.0
1444678694669,2015-10-12T19:38:14.669,41.31496147,-72.95976846,-38.0,12.0
1444678695666,2015-10-12T19:38:15.666,41.3149617,-72.95976819,-38.0,12.0
1444678696640,2015-10-12T19:38:16.640,41.31496186,-72.95976797,-38.0,13.0
1444678697656,2015-10-12T19:38:17.656,41.31496197,-72.95976793,-38.0,12.0
1444678699705,2015-10-12T19:38:19.705,41.31496223,-72.95976762,-38.0,13.0
1444678700672,2015-10-12T19:38:20.672,41.31496229,-72.95976763,-38.0,13.0
1444678701651,2015-10-12T19:38:21.651,41.3149624,-72.95976758,-38.0,14.0
1444678702648,2015-10-12T19:38:22.648,41.31496242,-72.95976749,-38.0,14.0
1444678703645,2015-10-12T19:38:23.645,41.31496241,-72.95976745,-38.0,14.0
1444678704650,2015-10-12T19:38:24.650,41.31496245,-72.95976733,-38.0,15.0
1444678705647,2015-10-12T19:38:25.647,41.31496254,-72.95976728,-38.0,17.0
1444678706381,2015-10-12T19:38:26.381,41.3148985,-72.9593975,0.0,30.0
1444678706656,2015-10-12T19:38:26.656,41.31496254,-72.95976719,-38.0,19.0
1444678707649,2015-10-12T19:38:27.649,41.31496253,-72.95976719,-38.0,21.0
1444678708687,2015-10-12T19:38:28.687,41.31496242,-72.95976724,-38.0,18.0
1444678709735,2015-10-12T19:38:29.735,41.31496233,-72.95976728,-38.0,15.0
1444678710674,2015-10-12T19:38:30.674,41.31496228,-72.95976726,-38.0,15.0
1444678711671,2015-10-12T19:38:31.671,41.31496233,-72.95976706,-38.0,14.0
1444678712680,2015-10-12T19:38:32.680,41.31496232,-72.95976697,-38.0,15.0
1444678713679,2015-10-12T19:38:33.679,41.3149623,-72.9597668,-38.0,15.0
1444678714680,2015-10-12T19:38:34.680,41.31496237,-72.95976661,-38.0,16.0
1444678715669,2015-10-12T19:38:35.669,41.31496235,-72.95976661,-38.0,16.0
1444678716665,2015-10-12T19:38:36.665,41.31496246,-72.9597665,-38.0,16.0
1444678717628,2015-10-12T19:38:37.628,41.31496242,-72.95976654,-38.0,16.0
1444678718680,2015-10-12T19:38:38.680,41.3149625,-72.95976632,-38.0,16.0
1444678719671,2015-10-12T19:38:39.671,41.31496253,-72.9597661,-38.0,16.0
1444678720673,2015-10-12T19:38:40.673,41.31496265,-72.95976589,-38.0,16.0
1444678721649,2015-10-12T19:38:41.649,41.31496272,-72.95976568,-38.0,16.0
1444678722651,2015-10-12T19:38:42.651,41.31496284,-72.95976555,-38.0,16.0
1444678723646,2015-10-12T19:38:43.646,41.31496287,-72.95976548,-38.0,16.0
1444678724646,2015-10-12T19:38:44.646,41.31496286,-72.9597654,-38.0,15.0
1444678725651,2015-10-12T19:38:45.651,41.31496287,-72.95976529,-38.0,16.0
1444678726420,2015-10-12T19:38:46.420,41.3148852,-72.959377,0.0,30.0
1444678726651,2015-10-12T19:38:46.651,41.31496291,-72.95976525,-38.0,15.0
1444678727652,2015-10-12T19:38:47.652,41.31496297,-72.95976521,-38.0,16.0
1444678728656,2015-10-12T19:38:48.656,41.31496297,-72.95976511,-38.0,16.0
1444678729666,2015-10-12T19:38:49.666,41.31496311,-72.95976498,-38.0,17.0
1444678730664,2015-10-12T19:38:50.664,41.31496325,-72.95976495,-38.0,17.0
1444678731657,2015-10-12T19:38:51.657,41.31496365,-72.95976473,-38.0,20.0
1444678732666,2015-10-12T19:38:52.666,41.3149637,-72.95976466,-38.0,21.0
1444678733660,2015-10-12T19:38:53.660,41.31496374,-72.9597647,-38.0,19.0
1444678734665,2015-10-12T19:38:54.665,41.31496381,-72.9597646,-38.0,20.0
1444678735679,2015-10-12T19:38:55.679,41.31496391,-72.95976445,-38.0,20.0
1444678736654,2015-10-12T19:38:56.654,41.31496403,-72.95976439,-38.0,19.0
1444678737646,2015-10-12T19:38:57.646,41.31496388,-72.95976458,-38.0,21.0
1444678738649,2015-10-12T19:38:58.649,41.31496408,-72.95976448,-38.0,19.0
1444678739668,2015-10-12T19:38:59.668,41.31496402,-72.95976469,-38.0,17.0
1444678740828,2015-10-12T19:39:00.828,41.31496402,-72.95976478,-38.0,18.0
1444678741648,2015-10-12T19:39:01.648,41.31496408,-72.95976489,-38.0,20.0
1444679346001,2015-10-12T19:49:06.1,41.3148876,-72.9593814,0.0,30.0
1444679347660,2015-10-12T19:49:07.660,41.3148562,-72.95980424,-16.0,20.0
1444679348625,2015-10-12T19:49:08.625,41.31483803,-72.95969719,-9.0,22.0
1444679349658,2015-10-12T19:49:09.658,41.31489093,-72.95968918,-1.0,22.0
1444679350659,2015-10-12T19:49:10.659,41.31489429,-72.95970019,-1.0,21.0
1444679351663,2015-10-12T19:49:11.663,41.31488895,-72.95973499,-1.0,19.0
1444679352610,2015-10-12T19:49:12.610,41.31487762,-72.95976367,-1.0,18.0
1444679353655,2015-10-12T19:49:13.655,41.31482978,-72.95979036,-5.0,17.0
1444679354622,2015-10-12T19:49:14.622,41.31480883,-72.95981134,-6.0,16.0
1444679355676,2015-10-12T19:49:15.676,41.31477591,-72.95981712,-2.0,16.0
1444679356672,2015-10-12T19:49:16.672,41.31478319,-72.95980436,-3.0,15.0
1444679357677,2015-10-12T19:49:17.677,41.31478517,-72.95982372,-3.0,12.0
1444679358669,2015-10-12T19:49:18.669,41.31480191,-72.95983115,-1.0,10.0
1444679359675,2015-10-12T19:49:19.675,41.31481069,-72.9598241,-3.0,9.0
1444679360668,2015-10-12T19:49:20.668,41.31481903,-72.95981602,-5.0,8.0
1444679361647,2015-10-12T19:49:21.647,41.31482868,-72.95980273,-6.0,7.0
1444679362691,2015-10-12T19:49:22.691,41.31482745,-72.95979702,-6.0,6.0
1444679363650,2015-10-12T19:49:23.650,41.3148274,-72.95979498,-6.0,6.0
1444679364652,2015-10-12T19:49:24.652,41.31481123,-72.95981193,-4.0,6.0
1444679365650,2015-10-12T19:49:25.650,41.31481335,-72.95979807,-5.0,6.0
1444679366279,2015-10-12T19:49:26.279,41.3149657,-72.9594781,0.0,34.5
1444679366657,2015-10-12T19:49:26.657,41.31481076,-72.95979136,-5.0,6.0
1444679367775,2015-10-12T19:49:27.775,41.31480947,-72.95978825,-6.0,5.0
1444679368671,2015-10-12T19:49:28.671,41.31480988,-72.95978694,-7.0,5.0
1444679369678,2015-10-12T19:49:29.678,41.31480767,-72.95978888,-7.0,5.0
1444679370681,2015-10-12T19:49:30.681,41.31480618,-72.95978984,-7.0,5.0
1444679371677,2015-10-12T19:49:31.677,41.31480695,-72.95978936,-7.0,5.0
1444679372679,2015-10-12T19:49:32.679,41.31480696,-72.95978933,-7.0,5.0
1444679373651,2015-10-12T19:49:33.651,41.31480707,-72.95978924,-7.0,5.0
1444679374627,2015-10-12T19:49:34.627,41.314809,-72.95978848,-7.0,5.0
1444679375663,2015-10-12T19:49:35.663,41.3148096,-72.95978843,-7.0,5.0
1444679376674,2015-10-12T19:49:36.674,41.31480844,-72.95979075,-7.0,5.0
1444679377618,2015-10-12T19:49:37.618,41.31480656,-72.95979242,-7.0,5.0
1444679378745,2015-10-12T19:49:38.745,41.31480704,-72.95979135,-7.0,6.0
1444679379670,2015-10-12T19:49:39.670,41.3148092,-72.95978834,-8.0,5.0
1444679380680,2015-10-12T19:49:40.680,41.31481245,-72.95978465,-8.0,5.0
1444679381611,2015-10-12T19:49:41.611,41.31481236,-72.95978509,-8.0,5.0
1444679382644,2015-10-12T19:49:42.644,41.31481234,-72.95978519,-8.0,6.0
1444679383625,2015-10-12T19:49:43.625,41.31481253,-72.95978489,-8.0,6.0
1444679384624,2015-10-12T19:49:44.624,41.31481259,-72.95978484,-8.0,6.0
1444679385645,2015-10-12T19:49:45.645,41.31481267,-72.95978479,-8.0,7.0
1444679386627,2015-10-12T19:49:46.627,41.31481281,-72.95978471,-8.0,7.0
1444679386671,2015-10-12T19:49:46.671,41.3149054,-72.9593367,0.0,30.0
1444679387646,2015-10-12T19:49:47.646,41.31481293,-72.95978458,-8.0,8.0
1444679388619,2015-10-12T19:49:48.619,41.31481452,-72.95978323,-8.0,7.0
1444679389652,2015-10-12T19:49:49.652,41.31481351,-72.95978454,-8.0,8.0
1444679390644,2015-10-12T19:49:50.644,41.31481348,-72.95978465,-8.0,8.0
1444679391645,2015-10-12T19:49:51.645,41.31481202,-72.95978658,-8.0,8.0
1444679392628,2015-10-12T19:49:52.628,41.31481173,-72.95978694,-8.0,8.0
1444679393760,2015-10-12T19:49:53.760,41.31481176,-72.95978692,-8.0,8.0
1444679394650,2015-10-12T19:49:54.650,41.31481086,-72.95978798,-8.0,8.0
1444679395650,2015-10-12T19:49:55.650,41.31481197,-72.95978781,-8.0,8.0
1444679396652,2015-10-12T19:49:56.652,41.31481199,-72.95978801,-8.0,7.0
1444679397652,2015-10-12T19:49:57.652,41.31481211,-72.95978798,-8.0,7.0
1444679398654,2015-10-12T19:49:58.654,41.31481237,-72.95978769,-8.0,7.0
1444679399670,2015-10-12T19:49:59.670,41.31481245,-72.9597876,-8.0,6.0
1444679400623,2015-10-12T19:50:00.623,41.31481254,-72.95978754,-8.0,6.0
1444679401657,2015-10-12T19:50:01.657,41.31481256,-72.95978752,-8.0,6.0
1444679402647,2015-10-12T19:50:02.647,41.31481265,-72.95978753,-8.0,6.0
1444679403647,2015-10-12T19:50:03.647,41.31481276,-72.95978746,-8.0,6.0
1444679404646,2015-10-12T19:50:04.646,41.31481273,-72.95978751,-8.0,6.0
1444679405615,2015-10-12T19:50:05.615,41.31481286,-72.95978737,-8.0,6.0
1444679406533,2015-10-12T19:50:06.533,41.3148682,-72.9593219,0.0,30.0
1444679406618,2015-10-12T19:50:06.618,41.31481293,-72.95978735,-8.0,10.0
1444679407650,2015-10-12T19:50:07.650,41.31481164,-72.95978898,-7.0,11.0
1444679408671,2015-10-12T19:50:08.671,41.31481132,-72.95978941,-7.0,10.0
1444679409647,2015-10-12T19:50:09.647,41.31481094,-72.95978991,-7.0,11.0
1444679410684,2015-10-12T19:50:10.684,41.31481091,-72.95978999,-7.0,11.0
1444679411644,2015-10-12T19:50:11.644,41.31481087,-72.95979007,-7.0,11.0
1444679412648,2015-10-12T19:50:12.648,41.31481091,-72.95978998,-7.0,11.0
1444679413648,2015-10-12T19:50:13.648,41.31481078,-72.95979015,-7.0,11.0
1444679414651,2015-10-12T19:50:14.651,41.31481065,-72.95979031,-7.0,11.0
1444679415758,2015-10-12T19:50:15.758,41.31481064,-72.95979019,-7.0,11.0
1444679416717,2015-10-12T19:50:16.717,41.31481069,-72.95979011,-7.0,11.0
1444679417661,2015-10-12T19:50:17.661,41.31481073,-72.95979001,-7.0,11.0
1444679418661,2015-10-12T19:50:18.661,41.31481075,-72.95978996,-7.0,11.0
1444679419681,2015-10-12T19:50:19.681,41.31481083,-72.95978987,-7.0,10.0
1444679420676,2015-10-12T19:50:20.676,41.31481093,-72.95978985,-7.0,10.0
1444679421650,2015-10-12T19:50:21.650,41.31481096,-72.95978979,-7.0,10.0
1444679422642,2015-10-12T19:50:22.642,41.31481095,-72.95978978,-7.0,10.0
1444679423675,2015-10-12T19:50:23.675,41.31481087,-72.95978987,-7.0,10.0
1444679424646,2015-10-12T19:50:24.646,41.31481078,-72.95978997,-7.0,10.0
1444679425647,2015-10-12T19:50:25.647,41.31481076,-72.95979007,-7.0,10.0
1444679426674,2015-10-12T19:50:26.674,41.3148107,-72.95979019,-7.0,10.0
1444679426683,2015-10-12T19:50:26.683,41.3148808,-72.9593703,0.0,30.0
1444679427742,2015-10-12T19:50:27.742,41.31481068,-72.95979019,-7.0,10.0
1444679428710,2015-10-12T19:50:28.710,41.31481054,-72.95979026,-7.0,10.0
1444679429684,2015-10-12T19:50:29.684,41.31481056,-72.95979024,-7.0,10.0
1444679430667,2015-10-12T19:50:30.667,41.31481038,-72.9597904,-7.0,10.0
1444679431662,2015-10-12T19:50:31.662,41.31481027,-72.95979051,-7.0,10.0
1444679432664,2015-10-12T19:50:32.664,41.31481026,-72.95979053,-7.0,10.0
1444679433632,2015-10-12T19:50:33.632,41.31481024,-72.9597906,-7.0,11.0
1444679434615,2015-10-12T19:50:34.615,41.31481033,-72.95979062,-7.0,11.0
1444679435614,2015-10-12T19:50:35.614,41.31481043,-72.95979052,-7.0,11.0
1444679436614,2015-10-12T19:50:36.614,41.31481042,-72.95979052,-7.0,12.0
1444679438362,2015-10-12T19:50:38.362,41.31481042,-72.95979052,-7.0,13.0
1444679438608,2015-10-12T19:50:38.608,41.31481042,-72.95979049,-7.0,14.0
1444679439611,2015-10-12T19:50:39.611,41.31481045,-72.95979047,-7.0,14.0
1444679440610,2015-10-12T19:50:40.610,41.3148105,-72.95979038,-7.0,15.0
1444679441616,2015-10-12T19:50:41.616,41.31481051,-72.95979033,-7.0,16.0
1444679442640,2015-10-12T19:50:42.640,41.31481057,-72.95979025,-7.0,17.0
1444679442943,2015-10-12T19:50:42.943,41.3149079,-72.9594154,0.0,30.0
1444679443629,2015-10-12T19:50:43.629,41.31481055,-72.95979024,-7.0,17.0
1444679444664,2015-10-12T19:50:44.664,41.31481054,-72.95979025,-7.0,15.0
1444679445658,2015-10-12T19:50:45.658,41.31481056,-72.95979026,-7.0,13.0
1444679446653,2015-10-12T19:50:46.653,41.31481054,-72.95979026,-7.0,13.0
1444679447652,2015-10-12T19:50:47.652,41.31481056,-72.95979029,-7.0,13.0
1444679448651,2015-10-12T19:50:48.651,41.3148106,-72.95979027,-7.0,14.0
1444679449681,2015-10-12T19:50:49.681,41.31481062,-72.95979022,-7.0,14.0
1444679450740,2015-10-12T19:50:50.740,41.31481058,-72.95979037,-7.0,14.0
1444679451650,2015-10-12T19:50:51.650,41.3148106,-72.95979048,-7.0,14.0
1444679452649,2015-10-12T19:50:52.649,41.31481059,-72.95979057,-7.0,14.0
1444679453654,2015-10-12T19:50:53.654,41.31481071,-72.95979048,-7.0,14.0
1444679454649,2015-10-12T19:50:54.649,41.31481064,-72.95979074,-7.0,14.0
1444679455676,2015-10-12T19:50:55.676,41.31481074,-72.95979071,-7.0,14.0
1444679456668,2015-10-12T19:50:56.668,41.31481075,-72.95979074,-7.0,14.0
1444679457682,2015-10-12T19:50:57.682,41.31481076,-72.95979076,-7.0,15.0
1444679458626,2015-10-12T19:50:58.626,41.3148108,-72.95979083,-7.0,15.0
1444679459647,2015-10-12T19:50:59.647,41.31481095,-72.95979067,-7.0,15.0
1444679461069,2015-10-12T19:51:01.69,41.31481084,-72.9597908,-7.0,15.0
1444679461646,2015-10-12T19:51:01.646,41.31481089,-72.95979073,-7.0,15.0